,Вопрос,Правильный ответ,Файл,Страница,Мой полный ответ,Мой ответ
0,Кто такие дополнительные согласующие?,"Дополнительные согласующие – это пользователи, которые наряду с основным согласующим должны выполнить согласование текущего этапа. Этап будет пройден, когда его согласуют сначала все дополнительные согласующие, а затем основной согласующий.",Инструкция_D_1C1_1_01_01_Универсальное_согласование_документов_v6.pdf,22,"
 Ответ LLM: Дополнительные согласующие — это пользователи, которые, кроме основного согласующего, также должны выполнить согласование текущего этапа. Они участвуют в процессе согласования до тех пор, пока их согласие не получено, после чего начинается согласование основным согласующим. <
Страница: 22, Исходный документ: Инструкция_D_1C1_1_01_01_Универсальное_согласование_документов_v6.pdf","Дополнительные согласующие — это пользователи, которые, кроме основного согласующего, также должны выполнить согласование текущего этапа. Они участвуют в процессе согласования до тех пор, пока их согласие не получено, после чего начинается согласование основным согласующим. <"
1,Что делает регламентное задание «Генерация платежных поручений (Вечер)»?,"Регламентное задание «Генерация платежных поручений (Вечер)» (Новое регламентное задание) создает документы списания денежных средств на основании утвержденных заявок, дата платежа в которых меньше или равно текущей либо больше текущей.",Инструкция_D_1C1_1_01_09_Формирование_платежных_поручений_НФ_5_1.pdf,7,"
 Ответ LLM: Регламентное задание «Генерация платежных поручений (Вечер)» создает документы списания денежных средств на основании утвержденных заявок, дата платежа в которых больше текущей. Время запуска обработки настраивается в пункте «Расписание».<
Страница: 7, Исходный документ: Инструкция_D_1C1_1_01_09_Формирование_платежных_поручений_НФ_5_1.pdf","Регламентное задание «Генерация платежных поручений (Вечер)» создает документы списания денежных средств на основании утвержденных заявок, дата платежа в которых больше текущей. Время запуска обработки настраивается в пункте «Расписание».<"
2,Что делает флаг «Облагается НДС у покупателя товара»?,"Флаг «Облагается НДС у покупателя товара» устанавливается для товаров с обратным обложением НДС согласно п.8 ст. 161 ГК РФ, (зависит от включения функциональной опции рассмотренной в главе 1.3.1), тогда эта номенклатура становится доступной для выбора в документах реализации с вариантом налогообложения Облагается НДС у покупателя.",Инструкция D-1C1-1.10.14  Учет НДС_v7.pdf,26,"
 Ответ LLM: Флаг ""Облагается НДС у покупателя товара"" используется для определения того, является ли покупатель товара или услуг субъектом налогообложения по НДС. Если этот флаг установлен в положение ""да"", то при учёте НДС учитывается ставка НДС, применяемая к данному виду деятельности. Это влияет на корректность расчета НДС в бухгалтерском учете организации. <
Страница: 26, Исходный документ: Инструкция D-1C1-1.10.14  Учет НДС_v7.pdf","Флаг ""Облагается НДС у покупателя товара"" используется для определения того, является ли покупатель товара или услуг субъектом налогообложения по НДС. Если этот флаг установлен в положение ""да"", то при учёте НДС учитывается ставка НДС, применяемая к данному виду деятельности. Это влияет на корректность расчета НДС в бухгалтерском учете организации. <"
3,Что делает кнопка «Создать документы списания»?,"По кнопке «Создать документы списания» происходит автоматическое формирование, проведение, проверка, отражение в регламентированном учете документов «Запись книги продаж» и «Отражение прочих доходов и расходов по документам, на которых установлен зеленый флаг.",D_1C1_1_18_03_Реализация_продукции_товаров_работ_услуг_и_прочая.pdf,31,"
 Ответ LLM: Кнопка ""Создать документы списания"" используется для формирования документов списания, связанных с выплатами или возвратом средств клиенту. Это может быть использовано при возврате денежных средств после отмены заказа или при проведении возврата товара/услуги. <
Страница: 31, Исходный документ: D_1C1_1_18_03_Реализация_продукции_товаров_работ_услуг_и_прочая.pdf","Кнопка ""Создать документы списания"" используется для формирования документов списания, связанных с выплатами или возвратом средств клиенту. Это может быть использовано при возврате денежных средств после отмены заказа или при проведении возврата товара/услуги. <"
4,Как отразить реализацию без перехода права собственности?,"Для отражения реализации требуется создать документ «Заказ клиента» с видом операции «Реализация (товары в пути)». Далее, на
основании «Заказа клиента» создаем документ «Реализация товаров и услуг» со статусом «В пути».",D_1C1_1_18_03_Реализация_продукции_товаров_работ_услуг_и_прочая.pdf,4,"
 Ответ LLM: Отразить реализацию без перехода права собственности можно как Менеджером по продажам или Бухгалтером по учету продаж. Это может быть сделано через Электронную Документацию Обмена (ЭДО).<
Страница: 4, Исходный документ: D_1C1_1_18_03_Реализация_продукции_товаров_работ_услуг_и_прочая.pdf",Отразить реализацию без перехода права собственности можно как Менеджером по продажам или Бухгалтером по учету продаж. Это может быть сделано через Электронную Документацию Обмена (ЭДО).<
5,Как создать Дополнительное соглашение к договору?,Отразить дополнительное соглашение к договору в системе возможно с помощью создания новой версии договора (пункт 1.3.1.2). В новой версии необходимо заполнить срок действия и указать изменённые/дополненные значения в реквизитах карточки договора.,Инструкция_D_1C1_1_13_01_Ведение_договоров_на_закупку_ТМЦ_работ.pdf,19,"
 Ответ LLM: Для создания Дополнительного соглашения к договору следуйте этим шагам:

1. Загрузите дополнительное соглашение через интеграцию из системы ЕОС-Закупки.
2. Укажите изменения или дополнения в реквизитах карточки договора.

Параметры, которые должны отличаться от основного договора для создания новой версии договора: сумма договора, дата окончания, контрагент.

Таким образом, после выполнения этих шагов Дополнительное соглашение будет записано во вкладке ""Дополнительные соглашения"" основного договора. Если же нет различий по указанным параметрам, не возникнет необходимости в создании новой версии договора.
Страница: 19, Исходный документ: Инструкция_D_1C1_1_13_01_Ведение_договоров_на_закупку_ТМЦ_работ.pdf","Для создания Дополнительного соглашения к договору следуйте этим шагам:

1. Загрузите дополнительное соглашение через интеграцию из системы ЕОС-Закупки.
2. Укажите изменения или дополнения в реквизитах карточки договора.

Параметры, которые должны отличаться от основного договора для создания новой версии договора: сумма договора, дата окончания, контрагент.

Таким образом, после выполнения этих шагов Дополнительное соглашение будет записано во вкладке ""Дополнительные соглашения"" основного договора. Если же нет различий по указанным параметрам, не возникнет необходимости в создании новой версии договора."
6,Как оформить поступление денежных документов от поставщика?,"Для оформления поступления денежных документов от поставщика необходимо создать документ «Поступление денежных документов» с видом операции «Поступление от поставщика». В документе следует заполнить реквизиты на вкладке «Основное», включая организацию, поставщика, договор, подразделение и МОЛ.",Инструкция_пользователей_«D_1C1_1_22_01_Формирование_графиков_платежей.pdf,33,"
 Ответ LLM: Для оформления поступления денежных документов от поставщика необходимо использовать входной документ ""Счет-накладная"". Это позволяет учесть полученные товары или услуги и подтвердить их оплату. Также важно контролировать соответствие счета-накладной данным из заказа поставщику для точности расчетов. <
Страница: 33, Исходный документ: Инструкция_пользователей_«D_1C1_1_22_01_Формирование_графиков_платежей.pdf","Для оформления поступления денежных документов от поставщика необходимо использовать входной документ ""Счет-накладная"". Это позволяет учесть полученные товары или услуги и подтвердить их оплату. Также важно контролировать соответствие счета-накладной данным из заказа поставщику для точности расчетов. <"
7,Какие данные отображаются на рабочем месте по работе с денежными документами?,На рабочем месте по работе с денежными документами отображаются денежные документы в наличии и зарегистрированные в системе документы по движению денежных документов.,Инструкция_D_1C1_1_10_02_Учет_денежных_документов_в_кассе_v2_НФ.pdf,7,"
 Ответ LLM: На рабочем месте по работе с денежными документами отображаются следующие данные:
- На вкладке ""Денежные средства в наличии"": информация о денежных документах, имеющихся на предприятии в разрезе организаций, подразделений, материально-ответственных лиц.
- На вкладке ""Движение денежных документов"": список зарегистрированных в системе документов по денежным документам.

Также упоминается документ ""Поступление денежных документов"", который содержит три вида операций: поступление от поставщика, поступление от подотчетного лица и прочие поступления денежных документов. 

Это основная информация, которая доступна на рабочих местах для работы с денежными документами в программном обеспечении D-1C1-1.10.02. <
Страница: 7, Исходный документ: Инструкция_D_1C1_1_10_02_Учет_денежных_документов_в_кассе_v2_НФ.pdf","На рабочем месте по работе с денежными документами отображаются следующие данные:
- На вкладке ""Денежные средства в наличии"": информация о денежных документах, имеющихся на предприятии в разрезе организаций, подразделений, материально-ответственных лиц.
- На вкладке ""Движение денежных документов"": список зарегистрированных в системе документов по денежным документам.

Также упоминается документ ""Поступление денежных документов"", который содержит три вида операций: поступление от поставщика, поступление от подотчетного лица и прочие поступления денежных документов. 

Это основная информация, которая доступна на рабочих местах для работы с денежными документами в программном обеспечении D-1C1-1.10.02. <"
8,Какие документы входят и исходят при формировании документа «Поступление денежных документов»?,"При формировании документа «Поступление денежных документов» входящими документами являются денежный документ и товарная накладная, а исходящим документом — сам документ «Поступление денежных документов».",Инструкция_D_1C1_1_10_02_Учет_денежных_документов_в_кассе_v2_НФ.pdf,15,"
 Ответ LLM: Входящие: 
- Приказ о выплате зарплаты или других видов доходов;
- Расписания заработной платы;
- Банковские реквизиты получателя.

Исходящие: 
- Документ ""Выдача денежных документов"";
- Запись в журнале учета денежных средств;
- Платежная ведомость. <
Страница: 15, Исходный документ: Инструкция_D_1C1_1_10_02_Учет_денежных_документов_в_кассе_v2_НФ.pdf","Входящие: 
- Приказ о выплате зарплаты или других видов доходов;
- Расписания заработной платы;
- Банковские реквизиты получателя.

Исходящие: 
- Документ ""Выдача денежных документов"";
- Запись в журнале учета денежных средств;
- Платежная ведомость. <"
9,Почему документ Взаимозачет задолженности может быть заблокирован?,"После утверждения на стороне ОЦО и документ ""Приобретение товаров и услуг"", и документ ""Взаимозачет задолженности"" блокируются для внесения каких-либо изменений.",Инструкция_D_1C1_1_10_39_Сверка_взаиморасчетов_с_контрагентами.pdf,36,"
 Ответ LLM: Документ ""Взаимозачет задолженности"" может быть заблокирован из-за несоблюдения требований к формату или содержанию данных, указанных в системе. Также блокировка возможна при наличии недопустимых символов или ошибок в заполнении полей документа. Это необходимо для обеспечения точности и корректности обработки финансовой информации. <
Страница: 36, Исходный документ: Инструкция_D_1C1_1_10_39_Сверка_взаиморасчетов_с_контрагентами.pdf","Документ ""Взаимозачет задолженности"" может быть заблокирован из-за несоблюдения требований к формату или содержанию данных, указанных в системе. Также блокировка возможна при наличии недопустимых символов или ошибок в заполнении полей документа. Это необходимо для обеспечения точности и корректности обработки финансовой информации. <"
10,Какие действия необходимы для формирования документа выдачи денежных документов?,"Для формирования документа «Выдача денежных документов» нужно выбрать вид операции, например, «Выдача подотчетному лицу», и заполнить обязательные реквизиты на вкладке «Основное», такие как организация, подотчетное лицо, подразделение получатель и МОЛ. Далее следует заполнить вкладку «Денежные документы».",Инструкция_D_1C1_1_04_12_Учет_договоров_длительного_технологического.pdf,11,"
 Ответ LLM: Для формирования документа выдачи денежных средств необходимо: 
1. Определить необходимое количество денежных средств;
2. Создать или корректировать заказ на производство;
3. Формировать доходы и расходы;
4. Создать или закрыть документ ""Реализация товаров"";
5. Убедиться в правильности настроек учетной политики организации.

Это основные шаги, которые помогут правильно оформить процесс выдачи денежных средств. Если возникнут дополнительные вопросы по этим действиям, пожалуйста, уточните их. <
Страница: 11, Исходный документ: Инструкция_D_1C1_1_04_12_Учет_договоров_длительного_технологического.pdf","Для формирования документа выдачи денежных средств необходимо: 
1. Определить необходимое количество денежных средств;
2. Создать или корректировать заказ на производство;
3. Формировать доходы и расходы;
4. Создать или закрыть документ ""Реализация товаров"";
5. Убедиться в правильности настроек учетной политики организации.

Это основные шаги, которые помогут правильно оформить процесс выдачи денежных средств. Если возникнут дополнительные вопросы по этим действиям, пожалуйста, уточните их. <"
11,Что показывае отчет «Задолженность клиентов по срокам»?,Типовые отчеты «Задолженность клиентов по срокам» (дебиторская задолженность) и «Задолженность поставщикам по срокам» (кредиторская задолженность) отражают данные по задолженности на указанную дату в валюте рег.учета. Отчеты находятся в разделе Продажи/Закупки- Отчеты по продажам/Отчеты по закупкам. По данным отчетам можно проанализировать от каких дат по каким объектам расчетов происходит формирование оставшейся задолженности и просроченной задолженности по срокам. ,Инструкция_D_1C1_1_20_02_Анализ_взаиморасчетов_по_закупкам_1.pdf,7,"
 Ответ LLM: Отчет ""Задолженность поставщикам по срокам"" показывает текущее состояние кредиторской задолженности у поставщиков, размеры и длительность просроченной задолженности, группируемую по интервалам времени. Это помогает контролировать и управлять долгами перед поставщиками. <
Страница: 7, Исходный документ: Инструкция_D_1C1_1_20_02_Анализ_взаиморасчетов_по_закупкам_1.pdf","Отчет ""Задолженность поставщикам по срокам"" показывает текущее состояние кредиторской задолженности у поставщиков, размеры и длительность просроченной задолженности, группируемую по интервалам времени. Это помогает контролировать и управлять долгами перед поставщиками. <"
